voter_id,aadhaar
VOTER001,123456789012
VOTER002,234567890123
VOTER003,345678901234
VOTER004,456789012345
VOTER005,567890123456
VOTER006,678901234567
VOTER007,789012345678
VOTER008,890123456789
VOTER009,901234567890
VOTER010,012345678901
VOTER011,111222333444
VOTER012,222333444555
VOTER013,333444555666
VOTER014,444555666777
VOTER015,555666777888
VOTER016,666777888999
VOTER017,777888999000
VOTER018,888999000111
VOTER019,999000111222
VOTER020,100200300400
VOTER021,200300400500
VOTER022,300400500600
VOTER023,400500600700
VOTER024,500600700800
VOTER025,600700800900
VOTER026,700800900100
VOTER027,800900100200
VOTER028,900100200300
VOTER029,101202303404
VOTER030,202303404505
